,Run,Run start,Run end,"Run length (y, m, d, s)",Run length (days),Control directory,Output directory,Output GiB,Restart directory,Restart GiB,Run by,Run completion date,Job Id,Failed jobs,Failed jobids,Queue,Service Units,Walltime Used (hr),SU per model year,Walltime (hr) per model year,Wait (hr) between runs,SU per calendar day,Model years per calendar day,Memory Used (Gb),NCPUs Used,MOM NCPUs,CICE NCPUs,Fraction of MOM runtime in oasis_recv,Max MOM wait for oasis_recv (s),Max CICE wait for coupler (s),Max CICE I/O time (s),MOM tile layout,CICE tile distribution,CICE block_size_x,CICE block_size_y,Timestep (s),MOM barotropic split,CICE dynamic split (ndtd),Git hash of run,Commit date,Git-tracked file changes,Git log messages,accessom2.nml -> accessom2_nml -> ice_ocean_timestep,ice/cice_in.nml -> setup_nml -> istep0,ice/cice_in.nml -> setup_nml -> restart,ice/cice_in.nml -> setup_nml -> runtype
,0,1980-01-01T00:00:00,1981-01-01T00:00:00,"[1, 0, 0, 0]",366.0,/home/561/rmh561/access-om2/025deg_era5_iaf,/g/data/ik11/outputs/access-om2-025/025deg_era5_iaf/output000,27.905,/scratch/e14/rmh561/access-om2/archive/025deg_era5_iaf/restart000,5.669,Ryan Holmes,2023-07-14T12:46:30,90409068,0,[],normal,7923.25,2.1719444444444442,7907.013831967213,2.1674937386156645,,,,1505.2800000002608,1824,1455,361,0.283,2174.837669,3458.1,517.6,"[48, 40]",roundrobin,30,27,1200,80,1,b8e0fe4a6400de8c5ba4a838e8c7a617b4992e3c,2023-07-14 10:38:54 +1000,,,1200,0,False,initial
,1,1981-01-01T00:00:00,1982-01-01T00:00:00,"[1, 0, 0, 0]",365.0,/home/561/rmh561/access-om2/025deg_era5_iaf,/g/data/ik11/outputs/access-om2-025/025deg_era5_iaf/output001,28.426,/scratch/e14/rmh561/access-om2/archive/025deg_era5_iaf/restart001,5.673,Ryan Holmes,2023-07-14T14:59:06,90414403,0,[],normal,8037.76,2.203333333333333,8043.265315068494,2.2048424657534245,0.006666666666666821,87287.89140271493,10.852295427727244,1576.9599999999627,1824,1455,361,0.299,2332.635672,3417.71,512.9,"[48, 40]",roundrobin,30,27,1200,80,1,e8ff25c901d0853de86804c5d8f501a97b1b174a,2023-07-14 13:03:26 +1000,"atmosphere/forcing.json, manifests/input.yaml, manifests/restart.yaml, run_summary_home_561_rmh561_access-om2_025deg_era5_iaf.csv","['2023-07-14 12:49:26: Run 1', 'update run summary']",1200,2232,True,continue
,2,1982-01-01T00:00:00,1983-01-01T00:00:00,"[1, 0, 0, 0]",365.0,/home/561/rmh561/access-om2/025deg_era5_iaf,/g/data/ik11/outputs/access-om2-025/025deg_era5_iaf/output002,28.367,/scratch/e14/rmh561/access-om2/archive/025deg_era5_iaf/restart002,5.678,Ryan Holmes,2023-07-14T17:09:12,90424099,0,[],normal,7901.97,2.1661111111111113,7907.382308219178,2.1675947488584475,0.0022222222222221255,87462.23520368946,11.0608330032024,1576.9599999999627,1824,1455,361,0.282,2153.407925,3427.94,516.05,"[48, 40]",roundrobin,30,27,1200,80,1,5b5dbcff4fc248d78085ae9902977e0abbc185d7,2023-07-14 15:15:43 +1000,"manifests/restart.yaml, run_summary_home_561_rmh561_access-om2_025deg_era5_iaf.csv","['2023-07-14 15:02:11: Run 2', 'update run summary']",1200,4464,True,continue
,3,1983-01-01T00:00:00,1984-01-01T00:00:00,"[1, 0, 0, 0]",365.0,/home/561/rmh561/access-om2/025deg_era5_iaf,/g/data/ik11/outputs/access-om2-025/025deg_era5_iaf/output003,28.327,/scratch/e14/rmh561/access-om2/archive/025deg_era5_iaf/restart003,5.683,Ryan Holmes,2023-07-14T19:18:45,90432210,0,[],normal,7864.48,2.1558333333333333,7869.866630136986,2.157309931506849,0.0033333333333334103,87416.83674257042,11.107791383378096,1576.9599999999627,1824,1455,361,0.279,2126.210401,3419.99,519.12,"[48, 40]",roundrobin,30,27,1200,80,1,6965611e480552e699f417fc2e58224d45f79cac,2023-07-14 17:29:35 +1000,"manifests/restart.yaml, run_summary_home_561_rmh561_access-om2_025deg_era5_iaf.csv","['2023-07-14 17:12:06: Run 3', 'update run summary']",1200,6696,True,continue
,4,1984-01-01T00:00:00,1985-01-01T00:00:00,"[1, 0, 0, 0]",366.0,/home/561/rmh561/access-om2/025deg_era5_iaf,/g/data/ik11/outputs/access-om2-025/025deg_era5_iaf/output004,28.401,/scratch/e14/rmh561/access-om2/archive/025deg_era5_iaf/restart004,5.687,Ryan Holmes,2023-07-14T21:30:31,90440370,0,[],normal,7993.17,2.1911111111111112,7976.790553278689,2.1866211293260474,0.004999999999999893,87352.6293953959,10.950849067923876,1576.9599999999627,1824,1455,361,0.29,2253.737494,3457.1,506.95,"[48, 40]",roundrobin,30,27,1200,80,1,c79dd04fa2720cb50ebf275c930f465088c5dce5,2023-07-14 19:43:23 +1000,"manifests/restart.yaml, run_summary_home_561_rmh561_access-om2_025deg_era5_iaf.csv","['2023-07-14 19:21:34: Run 4', 'update run summary']",1200,8928,True,continue
,5,1985-01-01T00:00:00,1986-01-01T00:00:00,"[1, 0, 0, 0]",365.0,/home/561/rmh561/access-om2/025deg_era5_iaf,/g/data/ik11/outputs/access-om2-025/025deg_era5_iaf/output005,28.339,/scratch/e14/rmh561/access-om2/archive/025deg_era5_iaf/restart005,5.69,Ryan Holmes,2023-07-14T23:39:57,90455748,0,[],normal,7852.32,2.1525,7857.698301369863,2.153974315068493,0.004722222222222516,87360.34612413083,11.117803556914492,1576.9599999999627,1824,1455,361,0.28,2135.593567,3436.39,500.47,"[48, 40]",roundrobin,30,27,1200,80,1,b251e6a4a6b2c3d67b551298e5b6b38a6a8a5ae6,2023-07-14 22:02:12 +1000,"manifests/restart.yaml, run_summary_home_561_rmh561_access-om2_025deg_era5_iaf.csv","['2023-07-14 21:33:24: Run 5', 'update run summary']",1200,11160,True,continue
,6,1986-01-01T00:00:00,1987-01-01T00:00:00,"[1, 0, 0, 0]",365.0,/home/561/rmh561/access-om2/025deg_era5_iaf,/g/data/ik11/outputs/access-om2-025/025deg_era5_iaf/output006,28.336,/scratch/e14/rmh561/access-om2/archive/025deg_era5_iaf/restart006,5.691,Ryan Holmes,2023-07-15T01:49:11,90460012,0,[],normal,7838.13,2.1486111111111112,7843.498582191781,2.1500827625570778,0.005277777777777715,87337.42997162754,11.135009340082272,1566.7199999997392,1824,1455,361,0.283,2164.7258,3444.66,502.11,"[48, 40]",roundrobin,30,27,1200,80,1,5618d27a9be24aedc6d1f40bfa416351e27721de,2023-07-15 00:02:46 +1000,"manifests/restart.yaml, run_summary_home_561_rmh561_access-om2_025deg_era5_iaf.csv","['2023-07-14 23:42:04: Run 6', 'update run summary']",1200,13392,True,continue
,7,1987-01-01T00:00:00,1988-01-01T00:00:00,"[1, 0, 0, 0]",365.0,/home/561/rmh561/access-om2/025deg_era5_iaf,/g/data/ik11/outputs/access-om2-025/025deg_era5_iaf/output007,28.344,/scratch/e14/rmh561/access-om2/archive/025deg_era5_iaf/restart007,5.694,Ryan Holmes,2023-07-15T03:59:39,90468225,0,[],normal,7922.24,2.171666666666667,7927.6661917808215,2.173154109589041,0.002777777777777768,87440.15533980582,11.02974737135896,1576.9599999999627,1824,1455,361,0.283,2178.642697,3432.66,521.06,"[48, 40]",roundrobin,30,27,1200,80,1,ef6c9c888a815c22bc0dafd54507fa8c52bbcb98,2023-07-15 02:09:39 +1000,"manifests/restart.yaml, run_summary_home_561_rmh561_access-om2_025deg_era5_iaf.csv","['2023-07-15 01:52:00: Run 7', 'update run summary']",1200,15624,True,continue
,8,1988-01-01T00:00:00,1989-01-01T00:00:00,"[1, 0, 0, 0]",366.0,/home/561/rmh561/access-om2/025deg_era5_iaf,/g/data/ik11/outputs/access-om2-025/025deg_era5_iaf/output008,28.422,/scratch/e14/rmh561/access-om2/archive/025deg_era5_iaf/restart008,5.695,Ryan Holmes,2023-07-15T06:09:58,90472937,0,[],normal,7917.17,2.1702777777777778,7900.946290983607,2.165830487249545,0.0016666666666664831,87484.77912776571,11.072696346208744,1576.9599999999627,1824,1455,361,0.287,2221.441858,3456.48,508.51,"[48, 40]",roundrobin,30,27,1200,80,1,976ff8de642b0249091ba64d1307c230cd704568,2023-07-15 04:53:46 +1000,"manifests/restart.yaml, run_summary_home_561_rmh561_access-om2_025deg_era5_iaf.csv","['2023-07-15 04:01:29: Run 8', 'update run summary']",1200,17856,True,continue
,9,1989-01-01T00:00:00,1990-01-01T00:00:00,"[1, 0, 0, 0]",365.0,/home/561/rmh561/access-om2/025deg_era5_iaf,/g/data/ik11/outputs/access-om2-025/025deg_era5_iaf/output009,28.351,/scratch/e14/rmh561/access-om2/archive/025deg_era5_iaf/restart009,5.695,Ryan Holmes,2023-07-15T08:18:58,90479155,0,[],normal,7828.0,2.1458333333333335,7833.361643835617,2.147303082191781,0.00416666666666643,87382.32558139536,11.155150183849864,1576.9599999999627,1824,1455,361,0.279,2127.031144,3442.73,502.41,"[48, 40]",roundrobin,30,27,1200,80,1,ecd12498a0c769727f9615d8b37688e2eddd64c1,2023-07-15 06:59:55 +1000,"manifests/restart.yaml, run_summary_home_561_rmh561_access-om2_025deg_era5_iaf.csv","['2023-07-15 06:12:25: Run 9', 'update run summary']",1200,20088,True,continue
,10,1990-01-01T00:00:00,1991-01-01T00:00:00,"[1, 0, 0, 0]",365.0,/home/561/rmh561/access-om2/025deg_era5_iaf,/g/data/ik11/outputs/access-om2-025/025deg_era5_iaf/output010,28.355,/scratch/e14/rmh561/access-om2/archive/025deg_era5_iaf/restart010,5.696,Ryan Holmes,2023-07-15T10:29:19,90486787,0,[],normal,7888.8,2.1625,7894.203287671233,2.1639811643835616,0.009999999999999787,87148.99884925202,11.039619284362352,1587.2000000001863,1824,1455,361,0.282,2160.627958,3439.08,492.02,"[48, 40]",roundrobin,30,27,1200,80,1,0f92eb11582919dd8494fb4969677c6e2e6e8acf,2023-07-15 08:41:40 +1000,"manifests/restart.yaml, run_summary_home_561_rmh561_access-om2_025deg_era5_iaf.csv","['2023-07-15 08:21:47: Run 10', 'update run summary']",1200,22320,True,continue
,11,1991-01-01T00:00:00,1992-01-01T00:00:00,"[1, 0, 0, 0]",365.0,/home/561/rmh561/access-om2/025deg_era5_iaf,/g/data/ik11/outputs/access-om2-025/025deg_era5_iaf/output011,28.345,/scratch/e14/rmh561/access-om2/archive/025deg_era5_iaf/restart011,5.697,Ryan Holmes,2023-07-15T12:37:57,90491898,0,[],normal,7807.73,2.140277777777778,7813.077760273972,2.141743721461187,0.0036111111111107874,87404.49235553252,11.186947709639536,1576.9599999999627,1824,1455,361,0.279,2123.331431,3435.84,497.4,"[48, 40]",roundrobin,30,27,1200,80,1,2039845c20ffe8baf0a77ec27ddbe2f741b8b569,2023-07-15 10:50:53 +1000,"manifests/restart.yaml, run_summary_home_561_rmh561_access-om2_025deg_era5_iaf.csv","['2023-07-15 10:31:28: Run 11', 'update run summary']",1200,24552,True,continue
,12,1992-01-01T00:00:00,1993-01-01T00:00:00,"[1, 0, 0, 0]",366.0,/home/561/rmh561/access-om2/025deg_era5_iaf,/g/data/ik11/outputs/access-om2-025/025deg_era5_iaf/output012,28.415,/scratch/e14/rmh561/access-om2/archive/025deg_era5_iaf/restart012,5.697,Ryan Holmes,2023-07-17T10:41:24,90604227,2,"[90499185, 90580268]",normal,7873.6,2.158333333333333,7857.4655737704925,2.153910519125683,43.899166666666666,4102.836671551865,0.5221577661438067,1576.9599999999627,1824,1455,361,0.282,2168.096044,3433.5,511.7,"[48, 40]",roundrobin,30,27,1200,80,1,970d3e127bef5f978fc362a80dbfda94353eecd6,2023-07-17 08:33:58 +1000,"atmosphere/forcing.json, manifests/input.yaml, manifests/restart.yaml, run_summary_home_561_rmh561_access-om2_025deg_era5_iaf.csv","['2023-07-15 12:39:59: Run 12', 'update run summary', '2023-07-16 20:53:52: Run 12', '2023-07-17 08:33:57: Run 12']",1200,26784,True,continue
,13,1993-01-01T00:00:00,1994-01-01T00:00:00,"[1, 0, 0, 0]",365.0,/home/561/rmh561/access-om2/025deg_era5_iaf,/g/data/ik11/outputs/access-om2-025/025deg_era5_iaf/output013,28.36,/scratch/e14/rmh561/access-om2/archive/025deg_era5_iaf/restart013,5.698,Ryan Holmes,2023-07-17T15:46:48,90628077,1,[90612635],normal,7769.23,2.129722222222222,7774.551390410958,2.131180936073059,2.960277777777778,36632.9115913556,4.711900372353086,1566.7199999997392,1824,1455,361,0.276,2094.248026,3435.48,510.36,"[48, 40]",roundrobin,30,27,1200,80,1,95459cef198599d75e3326341bf7ddc1df0f9343,2023-07-17 13:40:43 +1000,"manifests/input.yaml, manifests/restart.yaml, run_summary_home_561_rmh561_access-om2_025deg_era5_iaf.csv","['2023-07-17 10:43:15: Run 13', 'update run summary', '2023-07-17 13:40:43: Run 13']",1200,29016,True,continue
,14,1994-01-01T00:00:00,1995-01-01T00:00:00,"[1, 0, 0, 0]",365.0,/home/561/rmh561/access-om2/025deg_era5_iaf,/g/data/ik11/outputs/access-om2-025/025deg_era5_iaf/output014,28.402,/scratch/e14/rmh561/access-om2/archive/025deg_era5_iaf/restart014,5.699,Ryan Holmes,2023-07-17T17:55:18,90637103,0,[],normal,7796.59,2.1372222222222224,7801.930130136986,2.1386860730593606,0.004444444444444251,87370.34708171207,11.19855543748352,1576.9599999999627,1824,1455,361,0.28,2130.569371,3425.21,529.54,"[48, 40]",roundrobin,30,27,1200,80,1,cbe7d4fe497a36d850843055cf53e990e1be3558,2023-07-17 16:08:45 +1000,"manifests/restart.yaml, run_summary_home_561_rmh561_access-om2_025deg_era5_iaf.csv","['2023-07-17 15:48:49: Run 14', 'update run summary']",1200,31248,True,continue
,15,1995-01-01T00:00:00,1996-01-01T00:00:00,"[1, 0, 0, 0]",365.0,/home/561/rmh561/access-om2/025deg_era5_iaf,/g/data/ik11/outputs/access-om2-025/025deg_era5_iaf/output015,28.382,/scratch/e14/rmh561/access-om2/archive/025deg_era5_iaf/restart015,5.7,Ryan Holmes,2023-07-17T20:03:12,90642688,0,[],normal,7758.08,2.1266666666666665,7763.393753424657,2.1281232876712326,0.0050000000000003375,87346.63956215793,11.251089708495954,1576.9599999999627,1824,1455,361,0.276,2081.450558,3426.4,520.4,"[48, 40]",roundrobin,30,27,1200,80,1,d0f9cfb05ab136a0a6dbfb602c70d912534de49c,2023-07-17 18:16:47 +1000,"manifests/restart.yaml, run_summary_home_561_rmh561_access-om2_025deg_era5_iaf.csv","['2023-07-17 17:57:47: Run 15', 'update run summary']",1200,33480,True,continue
,16,1996-01-01T00:00:00,1997-01-01T00:00:00,"[1, 0, 0, 0]",366.0,/home/561/rmh561/access-om2/025deg_era5_iaf,/g/data/ik11/outputs/access-om2-025/025deg_era5_iaf/output016,28.457,/scratch/e14/rmh561/access-om2/archive/025deg_era5_iaf/restart016,5.701,Ryan Holmes,2023-07-17T22:11:14,90648670,0,[],normal,7771.25,2.1302777777777777,7755.325307377049,2.1259124544626595,0.0036111111111112315,87403.80109346524,11.270165677038031,1576.9599999999627,1824,1455,361,0.275,2083.03444,3427.06,514.63,"[48, 40]",roundrobin,30,27,1200,80,1,f7c377b733b948013d49d50149983c597007963b,2023-07-17 20:25:02 +1000,"manifests/restart.yaml, run_summary_home_561_rmh561_access-om2_025deg_era5_iaf.csv","['2023-07-17 20:05:30: Run 16', 'update run summary']",1200,35712,True,continue
,17,1997-01-01T00:00:00,1998-01-01T00:00:00,"[1, 0, 0, 0]",365.0,/home/561/rmh561/access-om2/025deg_era5_iaf,/g/data/ik11/outputs/access-om2-025/025deg_era5_iaf/output017,28.378,/scratch/e14/rmh561/access-om2/archive/025deg_era5_iaf/restart017,5.701,Ryan Holmes,2023-07-18T12:36:59,90682067,2,"[90653566, 90675633]",normal,8141.12,2.2316666666666665,8146.696109589041,2.233195205479452,12.197500000000002,13541.106323996533,1.6621592534988536,1576.9599999999627,1824,1455,361,0.28,2131.925286,3437.36,527.06,"[48, 40]",roundrobin,30,27,1200,80,1,e7e3af8e0a7ebb6e6923bef769a3be7a6dd0a10b,2023-07-18 10:30:26 +1000,"manifests/input.yaml, manifests/restart.yaml, run_summary_home_561_rmh561_access-om2_025deg_era5_iaf.csv, sync_data.sh","['2023-07-17 22:12:59: Run 17', 'update run summary', '2023-07-18 08:28:09: Run 17', '2023-07-18 10:30:26: Run 17']",1200,37944,True,continue
,18,1998-01-01T00:00:00,1999-01-01T00:00:00,"[1, 0, 0, 0]",365.0,/home/561/rmh561/access-om2/025deg_era5_iaf,/g/data/ik11/outputs/access-om2-025/025deg_era5_iaf/output018,28.425,/scratch/e14/rmh561/access-om2/archive/025deg_era5_iaf/restart018,5.703,Ryan Holmes,2023-07-18T14:48:41,90689408,0,[],normal,7998.24,2.1925,8003.718246575342,2.194001712328767,0.0024999999999999467,87452.28246013667,10.9264568998985,1576.9599999999627,1824,1455,361,0.299,2334.812066,3428.47,513.33,"[48, 40]",roundrobin,30,27,1200,80,1,0c878c4f1cd8e116e05f41a00bea8d62449b4391,2023-07-18 14:14:57 +1000,"manifests/restart.yaml, run_summary_home_561_rmh561_access-om2_025deg_era5_iaf.csv","['2023-07-18 12:38:53: Run 18', 'update run summary']",1200,40176,True,continue
,19,1999-01-01T00:00:00,2000-01-01T00:00:00,"[1, 0, 0, 0]",365.0,/home/561/rmh561/access-om2/025deg_era5_iaf,/g/data/ik11/outputs/access-om2-025/025deg_era5_iaf/output019,28.393,/scratch/e14/rmh561/access-om2/archive/025deg_era5_iaf/restart019,5.704,Ryan Holmes,2023-07-18T17:10:57,90702220,0,[],normal,8639.68,2.368333333333333,8645.597589041095,2.3699554794520545,0.002777777777777768,87449.43205248361,10.114908906161897,1566.7199999997392,1824,1455,361,0.265,2241.375962,3419.66,1263.73,"[48, 40]",roundrobin,30,27,1200,80,1,06462200a43ae28f26db02d7004d07c8b89fbc56,2023-07-18 15:06:08 +1000,"manifests/restart.yaml, run_summary_home_561_rmh561_access-om2_025deg_era5_iaf.csv","['2023-07-18 14:50:36: Run 19', 'update run summary']",1200,42408,True,continue
,20,2000-01-01T00:00:00,2001-01-01T00:00:00,"[1, 0, 0, 0]",366.0,/home/561/rmh561/access-om2/025deg_era5_iaf,/g/data/ik11/outputs/access-om2-025/025deg_era5_iaf/output020,28.453,/scratch/e14/rmh561/access-om2/archive/025deg_era5_iaf/restart020,5.704,Ryan Holmes,2023-07-18T19:33:55,90717619,0,[],normal,8679.2,2.379166666666667,8661.414754098361,2.3742913251366122,0.0036111111111107874,87419.31452553044,10.092960215785283,1576.9599999999627,1824,1455,361,0.318,2687.036914,3487.99,1033.63,"[48, 40]",roundrobin,30,27,1200,80,1,22471af603f67f38285ca13490b7709c0367a0d8,2023-07-18 17:38:45 +1000,"manifests/restart.yaml, run_summary_home_561_rmh561_access-om2_025deg_era5_iaf.csv","['2023-07-18 17:13:45: Run 20', 'update run summary']",1200,44640,True,continue
,21,2001-01-01T00:00:00,2002-01-01T00:00:00,"[1, 0, 0, 0]",365.0,/home/561/rmh561/access-om2/025deg_era5_iaf,/g/data/ik11/outputs/access-om2-025/025deg_era5_iaf/output021,28.417,/scratch/e14/rmh561/access-om2/archive/025deg_era5_iaf/restart021,5.706,Ryan Holmes,2023-07-19T11:28:04,90739180,1,[90722836],normal,13225.01,3.625277777777778,13234.068226027397,3.6277608447488583,12.277222222222221,19959.14101556359,1.5081636783698922,1576.9599999999627,1824,1455,361,0.163,2117.543856,6920.31,512.23,"[48, 40]",roundrobin,30,27,600,80,1,f9c096ab21ce3f131357859e49366c662f6f4194,2023-07-19 07:52:41 +1000,"accessom2.nml, manifests/restart.yaml, run_summary_home_561_rmh561_access-om2_025deg_era5_iaf.csv","['2023-07-18 19:35:44: Run 21', 'update run summary', '2023-07-19 07:52:41: Run 21']",600,46872,True,continue
,22,2002-01-01T00:00:00,2003-01-01T00:00:00,"[1, 0, 0, 0]",365.0,/home/561/rmh561/access-om2/025deg_era5_iaf,/g/data/ik11/outputs/access-om2-025/025deg_era5_iaf/output022,28.395,/scratch/e14/rmh561/access-om2/archive/025deg_era5_iaf/restart022,5.706,Ryan Holmes,2023-07-19T14:03:16,90748906,0,[],normal,7796.59,2.1372222222222224,7801.930130136986,2.1386860730593606,0.4494444444444441,72339.49484536084,9.271999830648404,1566.7199999997392,1824,1455,361,0.28,2137.473303,3411.73,524.31,"[48, 40]",roundrobin,30,27,1200,80,1,91ab1e9d692de7609b880d01f492e1a892c4cdc3,2023-07-19 11:56:45 +1000,"accessom2.nml, manifests/restart.yaml, run_summary_home_561_rmh561_access-om2_025deg_era5_iaf.csv","['update run summary', '2023-07-19 11:56:45: Run 22']",1200,49104,True,continue
,23,2003-01-01T00:00:00,2004-01-01T00:00:00,"[1, 0, 0, 0]",365.0,/home/561/rmh561/access-om2/025deg_era5_iaf,/g/data/ik11/outputs/access-om2-025/025deg_era5_iaf/output023,28.398,/scratch/e14/rmh561/access-om2/archive/025deg_era5_iaf/restart023,5.706,Ryan Holmes,2023-07-19T16:16:04,90755485,0,[],normal,8052.96,2.2075,8058.475726027397,2.2090119863013697,0.005833333333333357,87321.2530120482,10.83595160931199,1576.9599999999627,1824,1455,361,0.282,2152.417097,3425.01,503.09,"[48, 40]",roundrobin,30,27,1200,80,1,7f2fc8e7bd8fb4ad67613a44d21cf7146b8ae4ab,2023-07-19 14:24:25 +1000,"manifests/restart.yaml, run_summary_home_561_rmh561_access-om2_025deg_era5_iaf.csv","['2023-07-19 14:09:20: Run 23', 'update run summary']",1200,51336,True,continue
,24,2004-01-01T00:00:00,2005-01-01T00:00:00,"[1, 0, 0, 0]",366.0,/home/561/rmh561/access-om2/025deg_era5_iaf,/g/data/ik11/outputs/access-om2-025/025deg_era5_iaf/output024,28.421,/scratch/e14/rmh561/access-om2/archive/025deg_era5_iaf/restart024,5.705,Ryan Holmes,2023-07-20T10:03:56,90791695,1,[90760053],normal,7800.64,2.138333333333333,7784.655081967214,2.1339515027322404,15.659444444444444,10519.030091147459,1.3512519155170146,1576.9599999999627,1824,1455,361,0.277,2114.88419,3453.39,501.04,"[48, 40]",roundrobin,30,27,1200,80,1,0f72411009b2b0c948a5ed506359e1ceb030bf29,2023-07-20 07:57:21 +1000,"manifests/input.yaml, manifests/restart.yaml, run_summary_home_561_rmh561_access-om2_025deg_era5_iaf.csv","['2023-07-19 16:18:11: Run 24', 'update run summary', '2023-07-20 07:57:21: Run 24']",1200,53568,True,continue
,25,2005-01-01T00:00:00,2006-01-01T00:00:00,"[1, 0, 0, 0]",365.0,/home/561/rmh561/access-om2/025deg_era5_iaf,/g/data/ik11/outputs/access-om2-025/025deg_era5_iaf/output025,28.372,/scratch/e14/rmh561/access-om2/archive/025deg_era5_iaf/restart025,5.707,Ryan Holmes,2023-07-20T12:13:50,90795745,0,[],normal,7874.61,2.158611111111111,7880.00356849315,2.160089611872146,0.006388888888888999,87293.59815242494,11.07786276918116,1576.9599999999627,1824,1455,361,0.288,2215.60924,3444.97,501.12,"[48, 40]",roundrobin,30,27,1200,80,1,3b7d57c3e4e2ff823912de46e38eec3236e22dc4,2023-07-20 10:23:46 +1000,"manifests/restart.yaml, run_summary_home_561_rmh561_access-om2_025deg_era5_iaf.csv","['2023-07-20 10:06:02: Run 25', 'update run summary']",1200,55800,True,continue
,26,2006-01-01T00:00:00,2007-01-01T00:00:00,"[1, 0, 0, 0]",365.0,/home/561/rmh561/access-om2/025deg_era5_iaf,/g/data/ik11/outputs/access-om2-025/025deg_era5_iaf/output026,28.336,/scratch/e14/rmh561/access-om2/archive/025deg_era5_iaf/restart026,5.717,Ryan Holmes,2023-07-20T14:22:34,90801889,0,[],normal,7792.53,2.136111111111111,7797.867349315068,2.137574200913242,0.009444444444444589,87166.5706887623,11.178257693293364,1576.9599999999627,1824,1455,361,0.278,2103.877585,3420.16,515.03,"[48, 40]",roundrobin,30,27,1200,80,1,8b7297252a492112adac8989700501016f7c0bff,2023-07-20 12:32:45 +1000,"manifests/restart.yaml, run_summary_home_561_rmh561_access-om2_025deg_era5_iaf.csv","['2023-07-20 12:16:44: Run 26', 'update run summary']",1200,58032,True,continue
,,,,,,,,,,,,,,,,,,,,,,,,,,,,,,,,,,,,,,,,,,,,,,
,Run,Run start,Run end,"Run length (y, m, d, s)",Run length (days),Control directory,Output directory,Output GiB,Restart directory,Restart GiB,Run by,Run completion date,Job Id,Failed jobs,Failed jobids,Queue,Service Units,Walltime Used (hr),SU per model year,Walltime (hr) per model year,Wait (hr) between runs,SU per calendar day,Model years per calendar day,Memory Used (Gb),NCPUs Used,MOM NCPUs,CICE NCPUs,Fraction of MOM runtime in oasis_recv,Max MOM wait for oasis_recv (s),Max CICE wait for coupler (s),Max CICE I/O time (s),MOM tile layout,CICE tile distribution,CICE block_size_x,CICE block_size_y,Timestep (s),MOM barotropic split,CICE dynamic split (ndtd),Git hash of run,Commit date,Git-tracked file changes,Git log messages,accessom2.nml -> accessom2_nml -> ice_ocean_timestep,ice/cice_in.nml -> setup_nml -> istep0,ice/cice_in.nml -> setup_nml -> restart,ice/cice_in.nml -> setup_nml -> runtype
Total,351,,,,9862.0,,,765.922,,153.802,,,2446019891,7,,,219744.34999999998,60.236944444444454,219741.8636331686,60.2362628689772,87.53611111111111,1904395.8792615773,238.6825844078287,42475.51999999862,49248,39285,9747,7.525,58946.57755399999,96265.38,15077.800000000001,,,810,729,31800,2160,27,,,,,31800,783432,26,
Mean,13.0,,,0.25,365.25925925925924,,,28.367481481481477,,5.696370370370371,,,90593329.2962963,0.25925925925925924,"[3351821.66666667 3354824.74074074 3356023.51851852 3357539.48148148
 3358356.77777778 3360105.03703704 3361483.44444444]",,8138.67962962963,2.2309979423868316,8138.587541969208,2.230972698851008,3.366773504273504,73245.99535621452,9.1800994003011,1573.1674074073564,1824.0,1455.0,361.0,0.27870370370370373,2183.206576074074,3565.3844444444444,558.4370370370372,44.0,,30.0,27.0,1177.7777777777778,80.0,1.0,,,,,1177.7777777777778,29016.0,0.9629629629629629,
Median,13.0,,,0.0,365.0,,,28.382,,5.698,,,90628077.0,0.0,[],,7874.61,2.158611111111111,7880.00356849315,2.160089611872146,0.0050000000000001155,87349.63447877692,11.034683327860655,1576.9599999999627,1824.0,1455.0,361.0,0.28,2152.417097,3435.48,512.9,44.0,,30.0,27.0,1200.0,80.0,1.0,,,,,1200.0,29016.0,1.0,
Min,0,1980-01-01T00:00:00,1981-01-01T00:00:00,"[1, 0, 0, 0]",365.0,/home/561/rmh561/access-om2/025deg_era5_iaf,/g/data/ik11/outputs/access-om2-025/025deg_era5_iaf/output000,27.905,/scratch/e14/rmh561/access-om2/archive/025deg_era5_iaf/restart000,5.669,Ryan Holmes,2023-07-14T12:46:30,90409068,0,[],normal,7758.08,2.1266666666666665,7755.325307377049,2.1259124544626595,0.0016666666666664831,4102.836671551865,0.5221577661438067,1505.2800000002608,1824,1455,361,0.163,2081.450558,3411.73,492.02,"[48, 40]",roundrobin,30,27,600,80,1,06462200a43ae28f26db02d7004d07c8b89fbc56,2023-07-14 10:38:54 +1000,,"['2023-07-14 12:49:26: Run 1', 'update run summary']",600,0,False,continue
Max,26,2006-01-01T00:00:00,2007-01-01T00:00:00,"[1, 0, 0, 0]",366.0,/home/561/rmh561/access-om2/025deg_era5_iaf,/g/data/ik11/outputs/access-om2-025/025deg_era5_iaf/output026,28.457,/scratch/e14/rmh561/access-om2/archive/025deg_era5_iaf/restart026,5.717,Ryan Holmes,2023-07-20T14:22:34,90801889,2,[90760053],normal,13225.01,3.625277777777778,13234.068226027397,3.6277608447488583,43.899166666666666,87484.77912776571,11.270165677038031,1587.2000000001863,1824,1455,361,0.318,2687.036914,6920.31,1263.73,"[48, 40]",roundrobin,30,27,1200,80,1,f9c096ab21ce3f131357859e49366c662f6f4194,2023-07-20 12:32:45 +1000,"manifests/restart.yaml, run_summary_home_561_rmh561_access-om2_025deg_era5_iaf.csv","['update run summary', '2023-07-19 11:56:45: Run 22']",1200,58032,True,initial
Std dev,7.788880963698615,,,0.4330127018922193,0.4382281320814531,,,0.09765106829188262,,0.010708764662815552,,,135294.68163942074,0.5832598425193933,,,1022.1837640923168,0.28020400558622716,1023.6726786214491,0.2806121495510045,9.169589657667906,28043.968588337833,3.608627889132546,13.976102511994265,0.0,0.0,0.0,0.02461829313037257,118.0643542827349,658.146787574825,170.10044330760306,4.0,,0.0,0.0,113.31154474650633,0.0,0.0,,,,,113.31154474650633,17384.782310975308,0.18885257457751053,
SU correlation,0.23095063752842657,,,,-0.08371289182495618,,,0.12939038034011854,,0.19106081445951814,,,0.24472019000291131,0.23939087855549382,,,0.9999999999999998,0.9999999999978936,0.9999564126915531,0.9999564185366713,,,,0.04696800001480442,nan,nan,nan,-0.86570257143584,0.05847216211192647,0.9773235782953481,0.14199494427366147,,,nan,nan,-0.9758631366628873,nan,nan,,,,,-0.9758631366628873,0.23095063752842657,0.04133231992266092,
SU slope,30.309102564102716,,,,-195.26350000001145,,,1354.4219057397233,,18237.3288277508,,,0.0018489197205345661,419.5410887096777,,,1.0,3647.9984001356743,0.998501993068515,3642.533715890663,,,,3.4351441688282276,2.230997705490578,2.796797123584065,11.272409459320816,-35945.104251071774,0.5062433545272459,1.5179049914978635,0.8532895258671164,,,135.64466049382713,150.71628943758571,-8.803264102564102,50.866747685185175,4069.339814814814,,,,,-8.803264102564102,0.013579347026927537,223.7153846153839,
Dimensionless SU slope,0.04841305362344949,,,,-8.763313536844578,,,4.720856462921483,,12.764549570288057,,,20.58070850645175,0.013364564872624681,,,1.0,0.9999996676246504,0.9984906952024418,0.9984903749266016,,,,0.6639967527990688,0.4999999999999999,0.49999999999999994,0.49999999999999994,-1.2309163329537942,0.1358001384738102,0.6649622655164449,0.058548621673864244,,,0.4999999999999999,0.49999999999999994,-1.2739522015539348,0.4999999999999999,0.4999999999999999,,,,,-1.2739522015539348,0.04841305362344876,0.026469850078056526,
