,Run,Run start,Run end,"Run length (y, m, d, s)",Run length (days),Control directory,Output directory,Output GiB,Restart directory,Restart GiB,Run by,Run completion date,Job Id,Failed jobs,Failed jobids,Queue,Service Units,Walltime Used (hr),SU per model year,Walltime (hr) per model year,Wait (hr) between runs,SU per calendar day,Model years per calendar day,Memory Used (Gb),NCPUs Used,MOM NCPUs,CICE NCPUs,Fraction of MOM runtime in oasis_recv,Max MOM wait for oasis_recv (s),Max CICE wait for coupler (s),Max CICE I/O time (s),MOM tile layout,CICE tile distribution,CICE block_size_x,CICE block_size_y,Timestep (s),MOM barotropic split,CICE dynamic split (ndtd),Git hash of run,Commit date,Git-tracked file changes,Git log messages,accessom2.nml -> accessom2_nml -> ice_ocean_timestep,ice/cice_in.nml -> setup_nml -> istep0,ice/cice_in.nml -> setup_nml -> restart,ice/cice_in.nml -> setup_nml -> runtype
,0,1958-01-01T00:00:00,1959-01-01T00:00:00,"[1, 0, 0, 0]",365.0,/home/561/rmh561/access-om2/025deg_era5_iaf,/g/data/e14/rmh561/access-om2/archive/025deg_era5_iaf_1958cycle1/output000,89.093,/scratch/e14/rmh561/access-om2/archive/025deg_era5_iaf/restart000,5.671,Ryan Holmes,2024-07-26T18:12:28,121727160,0,[],normal,10906.51,2.9897222222222224,10913.980212328766,2.99176997716895,,,,1617.9199999999255,1824,1455,361,0.372,3979.460579,4561.5,2343.28,"[48, 40]",roundrobin,30,27,1200,80,1,c2e0716d0f7dfb96631b8c1935d94bf6f83f6752,2024-07-26 15:15:18 +1000,,,1200,0,False,initial
,1,1959-01-01T00:00:00,1960-01-01T00:00:00,"[1, 0, 0, 0]",365.0,/home/561/rmh561/access-om2/025deg_era5_iaf,/g/data/e14/rmh561/access-om2/archive/025deg_era5_iaf_1958cycle1/output001,90.036,/scratch/e14/rmh561/access-om2/archive/025deg_era5_iaf/restart001,5.674,Ryan Holmes,2024-07-26T21:12:19,121742891,0,[],normal,9354.08,2.5641666666666665,9360.486904109588,2.5659229452054793,0.43333333333333357,74895.05254378649,8.001191958391061,1689.5999999996275,1824,1455,361,0.257,2351.145549,4525.66,844.59,"[48, 40]",roundrobin,30,27,1200,80,1,656af7985e695280e92f2ddff023954f08a23394,2024-07-26 18:40:51 +1000,"manifests/input.yaml, manifests/restart.yaml",['2024-07-26 18:40:51: Run 1'],1200,2232,True,continue
,2,1960-01-01T00:00:00,1961-01-01T00:00:00,"[1, 0, 0, 0]",366.0,/home/561/rmh561/access-om2/025deg_era5_iaf,/g/data/e14/rmh561/access-om2/archive/025deg_era5_iaf_1958cycle1/output002,90.004,/scratch/e14/rmh561/access-om2/archive/025deg_era5_iaf/restart002,5.68,Ryan Holmes,2024-07-27T00:04:51,121748977,1,[121748861],normal,9080.48,2.4891666666666667,9061.872459016393,2.4840659153005467,0.3863888888888889,75787.6228748068,8.363351307091012,1679.3600000003353,1824,1455,361,0.237,2102.121043,4632.62,528.81,"[48, 40]",roundrobin,30,27,1200,80,1,a3a845289e3b60700b0ae7de6056a9db096ef284,2024-07-26 21:37:31 +1000,"manifests/restart.yaml, resubmit.log","['2024-07-26 21:31:29: Run 2', '2024-07-26 21:37:31: Run 2']",1200,4464,True,continue
,3,1961-01-01T00:00:00,1962-01-01T00:00:00,"[1, 0, 0, 0]",365.0,/home/561/rmh561/access-om2/025deg_era5_iaf,/g/data/e14/rmh561/access-om2/archive/025deg_era5_iaf_1958cycle1/output003,89.985,/scratch/e14/rmh561/access-om2/archive/025deg_era5_iaf/restart003,5.684,Ryan Holmes,2024-07-27T02:34:24,121753476,0,[],normal,9033.87,2.4763888888888888,9040.057582191781,2.4780850456621004,0.01611111111111141,86986.11033099299,9.622296046249632,1679.3600000003353,1824,1455,361,0.237,2094.032753,4618.61,527.68,"[48, 40]",roundrobin,30,27,1200,80,1,8007183d22a07d84f87d71885f268dd953357946,2024-07-27 00:07:46 +1000,manifests/restart.yaml,['2024-07-27 00:07:46: Run 3'],1200,6696,True,continue
,4,1962-01-01T00:00:00,1963-01-01T00:00:00,"[1, 0, 0, 0]",365.0,/home/561/rmh561/access-om2/025deg_era5_iaf,/g/data/e14/rmh561/access-om2/archive/025deg_era5_iaf_1958cycle1/output004,89.996,/scratch/e14/rmh561/access-om2/archive/025deg_era5_iaf/restart004,5.688,Ryan Holmes,2024-07-27T05:03:21,121756708,0,[],normal,9003.47,2.4680555555555554,9009.636760273972,2.46974600456621,0.014444444444444482,87042.61027190332,9.661056553988804,1669.1200000001118,1824,1455,361,0.236,2077.475881,4613.03,524.93,"[48, 40]",roundrobin,30,27,1200,80,1,66c17daa7f3db306a1f8e74dfeda62aae7b49901,2024-07-27 02:37:17 +1000,manifests/restart.yaml,['2024-07-27 02:37:17: Run 4'],1200,8928,True,continue
,5,1963-01-01T00:00:00,1964-01-01T00:00:00,"[1, 0, 0, 0]",365.0,/home/561/rmh561/access-om2/025deg_era5_iaf,/g/data/e14/rmh561/access-om2/archive/025deg_era5_iaf_1958cycle1/output005,90.061,/scratch/e14/rmh561/access-om2/archive/025deg_era5_iaf/restart005,5.691,Ryan Holmes,2024-07-27T07:32:15,121759013,0,[],normal,9004.48,2.4683333333333333,9010.647452054794,2.4700239726027395,0.013333333333333197,87081.60644728005,9.664300696552267,1679.3600000003353,1824,1455,361,0.235,2070.782392,4621.26,526.11,"[48, 40]",roundrobin,30,27,1200,80,1,cf816428f6af2ba0456e1fb3aad64b8bd7ab10b1,2024-07-27 05:06:11 +1000,manifests/restart.yaml,['2024-07-27 05:06:11: Run 5'],1200,11160,True,continue
,6,1964-01-01T00:00:00,1965-01-01T00:00:00,"[1, 0, 0, 0]",366.0,/home/561/rmh561/access-om2/025deg_era5_iaf,/g/data/e14/rmh561/access-om2/archive/025deg_era5_iaf_1958cycle1/output006,90.106,/scratch/e14/rmh561/access-om2/archive/025deg_era5_iaf/restart006,5.695,Ryan Holmes,2024-07-27T09:59:59,121761523,0,[],normal,8924.43,2.446388888888889,8906.142233606557,2.441375796903461,0.015833333333333144,86989.02888086643,9.767307392938422,1689.5999999996275,1824,1455,361,0.238,2068.556637,4516.95,526.2,"[48, 40]",roundrobin,30,27,1200,80,1,70d9dd6ccbec2edfbfa675d2980a82f5ab665867,2024-07-27 07:35:40 +1000,manifests/restart.yaml,['2024-07-27 07:35:40: Run 6'],1200,13392,True,continue
,7,1965-01-01T00:00:00,1966-01-01T00:00:00,"[1, 0, 0, 0]",365.0,/home/561/rmh561/access-om2/025deg_era5_iaf,/g/data/e14/rmh561/access-om2/archive/025deg_era5_iaf_1958cycle1/output007,64.572,/scratch/e14/rmh561/access-om2/archive/025deg_era5_iaf/restart007,5.696,Ryan Holmes,2024-07-27T12:39:48,121764098,0,[],normal,8651.84,2.3716666666666666,8657.76591780822,2.3732910958904108,0.29194444444444434,77955.88445093337,9.004157099071639,1638.4000000003725,1824,1455,361,0.252,2097.306859,4137.67,519.75,"[48, 40]",roundrobin,30,27,1200,80,1,465082908175de66d992eee0dc746801c903c08c,2024-07-27 10:19:28 +1000,"config.yaml, manifests/restart.yaml, ocean/diag_table, sync_data.sh","['Reduce diagnostics.', 'Setup syncing to e14 gdata.', '2024-07-27 10:19:27: Run 7']",1200,15624,True,continue
,8,1966-01-01T00:00:00,1967-01-01T00:00:00,"[1, 0, 0, 0]",365.0,/home/561/rmh561/access-om2/025deg_era5_iaf,/g/data/e14/rmh561/access-om2/archive/025deg_era5_iaf_1958cycle1/output008,64.604,/scratch/e14/rmh561/access-om2/archive/025deg_era5_iaf/restart008,5.696,Ryan Holmes,2024-07-27T15:00:59,121766629,0,[],normal,8550.51,2.343888888888889,8556.366513698631,2.345494292237443,0.009166666666666767,87210.962578208,10.19252301062424,1638.4000000003725,1824,1455,361,0.251,2091.693714,4130.87,525.39,"[48, 40]",roundrobin,30,27,1200,80,1,a4d7bead18700b5900d27f69a8e1d081e3fcc94b,2024-07-27 14:52:38 +1000,"manifests/restart.yaml, run_summary_home_561_rmh561_access-om2_025deg_era5_iaf.csv","['2024-07-27 12:42:58: Run 8', 'update run summary']",1200,17856,True,continue
,9,1967-01-01T00:00:00,1968-01-01T00:00:00,"[1, 0, 0, 0]",365.0,/home/561/rmh561/access-om2/025deg_era5_iaf,/g/data/e14/rmh561/access-om2/archive/025deg_era5_iaf_1958cycle1/output009,64.591,/scratch/e14/rmh561/access-om2/archive/025deg_era5_iaf/restart009,5.697,Ryan Holmes,2024-07-27T17:22:16,121769662,0,[],normal,8553.55,2.3447222222222224,8559.40859589041,2.346328196347032,0.009999999999999787,87180.21941724667,10.185308767606223,1638.4000000003725,1824,1455,361,0.253,2113.087919,4118.93,534.77,"[48, 40]",roundrobin,30,27,1200,80,1,2ec5e5b1cd2c78b563b2dd949d04410714c1b8eb,2024-07-27 15:20:41 +1000,"manifests/restart.yaml, run_summary_home_561_rmh561_access-om2_025deg_era5_iaf.csv","['2024-07-27 15:03:48: Run 9', 'update run summary']",1200,20088,True,continue
,10,1968-01-01T00:00:00,1969-01-01T00:00:00,"[1, 0, 0, 0]",366.0,/home/561/rmh561/access-om2/025deg_era5_iaf,/g/data/e14/rmh561/access-om2/archive/025deg_era5_iaf_1958cycle1/output010,64.679,/scratch/e14/rmh561/access-om2/archive/025deg_era5_iaf/restart010,5.696,Ryan Holmes,2024-07-27T19:44:37,121773837,0,[],normal,8601.17,2.3577777777777778,8583.544651639344,2.352946265938069,0.014722222222222303,87008.67439409904,10.136683377942415,1648.6399999996647,1824,1455,361,0.254,2139.712989,4164.81,541.12,"[48, 40]",roundrobin,30,27,1200,80,1,f00bc12c5ceaae316126674736e870814ef7f83b,2024-07-27 17:43:08 +1000,"manifests/restart.yaml, run_summary_home_561_rmh561_access-om2_025deg_era5_iaf.csv","['2024-07-27 17:25:10: Run 10', 'update run summary']",1200,22320,True,continue
,11,1969-01-01T00:00:00,1970-01-01T00:00:00,"[1, 0, 0, 0]",365.0,/home/561/rmh561/access-om2/025deg_era5_iaf,/g/data/e14/rmh561/access-om2/archive/025deg_era5_iaf_1958cycle1/output011,64.649,/scratch/e14/rmh561/access-om2/archive/025deg_era5_iaf/restart011,5.697,Ryan Holmes,2024-07-27T22:05:29,121778759,0,[],normal,8525.17,2.3369444444444443,8531.009157534247,2.3385450913242005,0.010833333333333695,87147.97539044013,10.215435686582813,1638.4000000003725,1824,1455,361,0.252,2103.446446,4114.21,538.4,"[48, 40]",roundrobin,30,27,1200,80,1,bd534085880d235e1ebfc543c5b09133da487234,2024-07-27 20:05:31 +1000,"manifests/restart.yaml, run_summary_home_561_rmh561_access-om2_025deg_era5_iaf.csv","['2024-07-27 19:47:21: Run 11', 'update run summary']",1200,24552,True,continue
,12,1970-01-01T00:00:00,1971-01-01T00:00:00,"[1, 0, 0, 0]",365.0,/home/561/rmh561/access-om2/025deg_era5_iaf,/g/data/e14/rmh561/access-om2/archive/025deg_era5_iaf_1958cycle1/output012,64.658,/scratch/e14/rmh561/access-om2/archive/025deg_era5_iaf/restart012,5.699,Ryan Holmes,2024-07-28T00:26:18,121784444,0,[],normal,8541.39,2.341388888888889,8547.240267123287,2.342992579908676,0.005555555555555536,87344.7858918215,10.219062897739136,1648.6399999996647,1824,1455,361,0.252,2089.350233,4115.7,533.48,"[48, 40]",roundrobin,30,27,1200,80,1,a868034c79daa130d5ff5ec4933cc7d0d5ddc99a,2024-07-27 22:25:43 +1000,"manifests/restart.yaml, run_summary_home_561_rmh561_access-om2_025deg_era5_iaf.csv","['2024-07-27 22:08:30: Run 12', 'update run summary']",1200,26784,True,continue
,13,1971-01-01T00:00:00,1972-01-01T00:00:00,"[1, 0, 0, 0]",365.0,/home/561/rmh561/access-om2/025deg_era5_iaf,/g/data/e14/rmh561/access-om2/archive/025deg_era5_iaf_1958cycle1/output013,64.68,/scratch/e14/rmh561/access-om2/archive/025deg_era5_iaf/restart013,5.702,Ryan Holmes,2024-07-28T20:58:58,121850790,1,[121791348],normal,10512.32,2.881666666666667,10519.520219178083,2.8836404109589044,17.662777777777777,12280.481990265009,1.1673994378447532,1648.6399999996647,1824,1455,361,0.2,2060.691759,5528.8,530.67,"[48, 40]",roundrobin,30,27,900,80,1,2c4263739782becea0ae00f64d266843bc2ce365,2024-07-28 18:08:17 +1000,"accessom2.nml, manifests/restart.yaml, resubmit.log, run_summary_home_561_rmh561_access-om2_025deg_era5_iaf.csv","['2024-07-28 00:28:39: Run 13', 'update run summary', '2024-07-28 18:08:17: Run 13']",900,29016,True,continue
,14,1972-01-01T00:00:00,1973-01-01T00:00:00,"[1, 0, 0, 0]",366.0,/home/561/rmh561/access-om2/025deg_era5_iaf,/g/data/e14/rmh561/access-om2/archive/025deg_era5_iaf_1958cycle1/output014,64.69,/scratch/e14/rmh561/access-om2/archive/025deg_era5_iaf/restart014,5.7,Ryan Holmes,2024-07-28T23:22:04,121860836,0,[],normal,8528.21,2.3377777777777777,8510.734159836065,2.3329872495446264,0.047222222222222054,85818.46540880503,10.083556106569551,1648.6399999996647,1824,1455,361,0.248,2068.740553,4174.11,535.15,"[48, 40]",roundrobin,30,27,1200,80,1,059d84a4a89e1d37d97ef58999b2ab34120b5957,2024-07-28 21:22:15 +1000,"accessom2.nml, manifests/restart.yaml, run_summary_home_561_rmh561_access-om2_025deg_era5_iaf.csv","['2024-07-28 21:03:46: Run 14', 'update run summary']",1200,31248,True,continue
,15,1973-01-01T00:00:00,1974-01-01T00:00:00,"[1, 0, 0, 0]",365.0,/home/561/rmh561/access-om2/025deg_era5_iaf,/g/data/e14/rmh561/access-om2/archive/025deg_era5_iaf_1958cycle1/output015,64.665,/scratch/e14/rmh561/access-om2/archive/025deg_era5_iaf/restart015,5.702,Ryan Holmes,2024-07-29T01:42:53,121870235,0,[],normal,8549.49,2.343611111111111,8555.345815068493,2.3452163242009134,0.0033333333333334103,87427.6169960942,10.219062897739136,1638.4000000003725,1824,1455,361,0.25,2087.329107,4153.45,531.95,"[48, 40]",roundrobin,30,27,1200,80,1,4fefe9f305c6b965cf9e54096ec4ad3482d29eb1,2024-07-28 23:44:02 +1000,"manifests/restart.yaml, run_summary_home_561_rmh561_access-om2_025deg_era5_iaf.csv","['2024-07-28 23:24:25: Run 15', 'update run summary']",1200,33480,True,continue
,16,1974-01-01T00:00:00,1975-01-01T00:00:00,"[1, 0, 0, 0]",365.0,/home/561/rmh561/access-om2/025deg_era5_iaf,/g/data/e14/rmh561/access-om2/archive/025deg_era5_iaf_1958cycle1/output016,64.681,/scratch/e14/rmh561/access-om2/archive/025deg_era5_iaf/restart016,5.714,Ryan Holmes,2024-07-29T04:03:46,121878749,0,[],normal,8556.59,2.3455555555555554,8562.450678082192,2.3471621004566208,0.0024999999999999467,87458.81651484681,10.21422718833526,1648.6399999996647,1824,1455,361,0.248,2060.719091,4144.4,534.57,"[48, 40]",roundrobin,30,27,1200,80,1,c8ff5f1e36a8819a6f90eafa4b08df637ca0377f,2024-07-29 02:02:19 +1000,"manifests/restart.yaml, run_summary_home_561_rmh561_access-om2_025deg_era5_iaf.csv","['2024-07-29 01:46:02: Run 16', 'update run summary']",1200,35712,True,continue
,,,,,,,,,,,,,,,,,,,,,,,,,,,,,,,,,,,,,,,,,,,,,,
,Run,Run start,Run end,"Run length (y, m, d, s)",Run length (days),Control directory,Output directory,Output GiB,Restart directory,Restart GiB,Run by,Run completion date,Job Id,Failed jobs,Failed jobids,Queue,Service Units,Walltime Used (hr),SU per model year,Walltime (hr) per model year,Wait (hr) between runs,SU per calendar day,Model years per calendar day,Memory Used (Gb),NCPUs Used,MOM NCPUs,CICE NCPUs,Fraction of MOM runtime in oasis_recv,Max MOM wait for oasis_recv (s),Max CICE wait for coupler (s),Max CICE I/O time (s),MOM tile layout,CICE tile distribution,CICE block_size_x,CICE block_size_y,Timestep (s),MOM barotropic split,CICE dynamic split (ndtd),Git hash of run,Commit date,Git-tracked file changes,Git log messages,accessom2.nml -> accessom2_nml -> ice_ocean_timestep,ice/cice_in.nml -> setup_nml -> istep0,ice/cice_in.nml -> setup_nml -> restart,ice/cice_in.nml -> setup_nml -> runtype
Total,136,,,,6209.0,,,1275.7500000000002,,96.782,,,2070347787,2,,,152877.55999999997,41.907222222222224,152886.2095794408,41.90959326421638,18.9375,1285615.9143823956,146.71692042526635,28139.520000000484,31008,24735,6137,4.272,37655.653504,74872.57999999999,11146.85,,,510,459,20100,1360,17,,,,,20100,303552,16,
Mean,8.0,,,0.25,365.2352941176471,,,75.04411764705883,,5.6930588235294115,,,121785163.94117647,0.11764705882352941,[7161697.70588235 7164196.94117647],,8992.797647058824,2.4651307189542484,8993.306445849461,2.4652701920127287,1.1835937499999998,80350.99464889974,9.169807526579149,1655.2658823529696,1824.0,1455.0,361.0,0.25129411764705883,2215.0384414117643,4404.269411764705,655.6970588235295,44.0,,30.0,27.0,1182.3529411764705,80.0,1.0,,,,,1182.3529411764705,17856.0,0.9411764705882353,
Median,8.0,,,0.0,365.0,,,64.681,,5.696,,,121766629.0,0.0,[],,8651.84,2.3716666666666666,8657.76591780822,2.3732910958904108,0.014583333333333393,87025.64233300119,9.925431749753987,1648.6399999996647,1824.0,1455.0,361.0,0.25,2091.693714,4174.11,531.95,44.0,,30.0,27.0,1200.0,80.0,1.0,,,,,1200.0,17856.0,1.0,
Min,0,1958-01-01T00:00:00,1959-01-01T00:00:00,"[1, 0, 0, 0]",365.0,/home/561/rmh561/access-om2/025deg_era5_iaf,/g/data/e14/rmh561/access-om2/archive/025deg_era5_iaf_1958cycle1/output000,64.572,/scratch/e14/rmh561/access-om2/archive/025deg_era5_iaf/restart000,5.671,Ryan Holmes,2024-07-26T18:12:28,121727160,0,[],normal,8525.17,2.3369444444444443,8510.734159836065,2.3329872495446264,0.0024999999999999467,12280.481990265009,1.1673994378447532,1617.9199999999255,1824,1455,361,0.2,2060.691759,4114.21,519.75,"[48, 40]",roundrobin,30,27,900,80,1,059d84a4a89e1d37d97ef58999b2ab34120b5957,2024-07-26 15:15:18 +1000,,['2024-07-26 18:40:51: Run 1'],900,0,False,continue
Max,16,1974-01-01T00:00:00,1975-01-01T00:00:00,"[1, 0, 0, 0]",366.0,/home/561/rmh561/access-om2/025deg_era5_iaf,/g/data/e14/rmh561/access-om2/archive/025deg_era5_iaf_1958cycle1/output016,90.106,/scratch/e14/rmh561/access-om2/archive/025deg_era5_iaf/restart016,5.714,Ryan Holmes,2024-07-29T04:03:46,121878749,1,[121791348],normal,10906.51,2.9897222222222224,10913.980212328766,2.99176997716895,17.662777777777777,87458.81651484681,10.219062897739136,1689.5999999996275,1824,1455,361,0.372,3979.460579,5528.8,2343.28,"[48, 40]",roundrobin,30,27,1200,80,1,f00bc12c5ceaae316126674736e870814ef7f83b,2024-07-29 02:02:19 +1000,"manifests/restart.yaml, run_summary_home_561_rmh561_access-om2_025deg_era5_iaf.csv","['Reduce diagnostics.', 'Setup syncing to e14 gdata.', '2024-07-27 10:19:27: Run 7']",1200,35712,True,initial
Std dev,4.898979485566356,,,0.4330127018922193,0.42418250299576343,,,12.428901432133438,,0.010501935890084557,,,46490.57029051931,0.32218973970892123,,,677.3362127484003,0.1856731535510507,679.5708725342026,0.1862857216630105,4.257239502268511,18082.652618911823,2.170291019852526,20.76152523543895,0.0,0.0,0.0,0.03285756194793871,445.8327575162441,354.8719201175113,428.322623933995,4.0,,0.0,0.0,70.58823529411765,0.0,0.0,,,,,70.58823529411765,10934.522211784108,0.23529411764705885,
SU correlation,-0.43225964001883016,,,,-0.17134360742039922,,,0.4059960399365762,,-0.5232597317255803,,,-0.21252163679904423,0.4332177803635868,,,1.0,0.9999999999924507,0.9998906594989878,0.9998906764138737,,,,-0.08538481797795257,nan,nan,nan,0.40915721016011425,0.711585356058416,0.7605256354568156,0.7244637899488733,,,nan,nan,-0.5608449409398438,nan,nan,,,,,-0.5608449409398438,-0.43225964001883016,-0.7063376787341626,
SU slope,-59.76450980392144,,,,-273.60211538455434,,,22.12551298946817,,-33748.32684946807,,,-0.0030962967263490782,910.7493333333355,,,0.9999999999999988,3648.002954595447,0.9966026794849996,3635.6096316913236,,,,-2.7856445313892113,2.465130933952529,3.0903084697796643,12.455398403128564,8434.496618698144,1.0810837068253483,1.4515985188340927,1.1456447367882683,,,149.87996078431374,166.5332897603486,-5.381641666666719,56.20498529411765,4496.398823529412,,,,,-5.381641666666719,-0.02677621406985728,-2033.3193749999978,
Dimensionless SU slope,-0.053166555859037234,,,,-11.11213139732671,,,0.18463548997193582,,-21.36500981010698,,,-41.93166790006433,0.01191475496251164,,,0.9999999999999988,1.000000722706162,0.9966590657463132,0.9966598167294854,,,,-0.5127416999847374,0.5000000000000001,0.5,0.5,0.23569299218981826,0.26628442704760086,0.7109279231647019,0.08353305765913786,,,0.5,0.5,-0.7075662216220683,0.5,0.5,,,,,-0.7075662216220683,-0.053166555859037234,-0.2128050055220659,
